{
  "age_gap_sex_association": [
    {
      "age_adjusted_df": 726,
      "age_adjusted_female_coefficient_years": -0.29170723663735276,
      "age_adjusted_female_p_value": 0.33230069185557265,
      "age_adjusted_female_standard_error": 0.30068626555709216,
      "age_adjusted_female_t_statistic": -0.9701382139849201,
      "age_adjusted_partial_r": -0.035981890669379624,
      "age_adjusted_partial_r_p_value": 0.33196770546402504,
      "age_gap_mean_all": 2.910574963248732,
      "age_gap_mean_female": 2.7681808622180415,
      "age_gap_mean_male": 3.0725952306971434,
      "age_gap_sd_all": 4.052235188010611,
      "female_minus_male_age_gap_years": -0.30441436847910186,
      "female_n": 388,
      "male_n": 341,
      "model": "elastic_net_cv_no_sex",
      "n_with_nonmissing_binary_sex": 729,
      "pearson_p_value": 0.3118452155141658,
      "pearson_r_gap_vs_female_indicator": -0.03750888051585634,
      "sex_included_in_predictor": false,
      "test_dataset": "GSE87571",
      "train_dataset": "GSE40279",
      "welch_t_p_value": 0.3116084937309892,
      "welch_t_statistic_female_vs_male": -1.0125678238866167
    },
    {
      "age_adjusted_df": 653,
      "age_adjusted_female_coefficient_years": -1.27252444975926,
      "age_adjusted_female_p_value": 0.0001758086391703399,
      "age_adjusted_female_standard_error": 0.33725159206033717,
      "age_adjusted_female_t_statistic": -3.7732199927809225,
      "age_adjusted_partial_r": -0.14607369156287545,
      "age_adjusted_partial_r_p_value": 0.00017380410319694755,
      "age_gap_mean_all": -2.0892726060578997,
      "age_gap_mean_female": -2.7791418488574533,
      "age_gap_mean_male": -1.356015360566551,
      "age_gap_sd_all": 4.828744158565769,
      "female_minus_male_age_gap_years": -1.4231264882909023,
      "female_n": 338,
      "male_n": 318,
      "model": "elastic_net_cv_no_sex",
      "n_with_nonmissing_binary_sex": 656,
      "pearson_p_value": 0.00015131908878393527,
      "pearson_r_gap_vs_female_indicator": -0.1474037888797589,
      "sex_included_in_predictor": false,
      "test_dataset": "GSE40279",
      "train_dataset": "GSE87571",
      "welch_t_p_value": 0.00015376447162444094,
      "welch_t_statistic_female_vs_male": -3.8073982583165487
    }
  ],
  "provenance": "make_clock.py:553-L636"
}
