{
  "conformal_summary": [
    {
      "alpha": 0.1,
      "calibration_n": 132,
      "empirical_coverage": 0.8984910836762688,
      "mean_interval_width_years": 15.092360006923286,
      "median_interval_width_years": 15.092360006923286,
      "model": "elastic_net_cv",
      "nominal_coverage": 0.9,
      "point_mae": 3.780850685658784,
      "point_median_absolute_error": 3.164859735214975,
      "point_n": 729,
      "point_pearson_r": 0.9824958317550205,
      "point_rmse": 4.736371600257819,
      "proper_training_n": 524,
      "qhat_absolute_error_years": 7.546180003461643,
      "role": "primary_recommended_model",
      "test_dataset": "GSE87571",
      "test_n": 729,
      "train_dataset": "GSE40279"
    },
    {
      "alpha": 0.1,
      "calibration_n": 132,
      "empirical_coverage": 0.9039780521262003,
      "mean_interval_width_years": 17.311657155340495,
      "median_interval_width_years": 17.311657155340498,
      "model": "ensemble_average",
      "nominal_coverage": 0.9,
      "point_mae": 4.206114675674838,
      "point_median_absolute_error": 3.6821818788635454,
      "point_n": 729,
      "point_pearson_r": 0.9702572626423984,
      "point_rmse": 5.198567532273919,
      "proper_training_n": 524,
      "qhat_absolute_error_years": 8.655828577670249,
      "role": "secondary_comparison",
      "test_dataset": "GSE87571",
      "test_n": 729,
      "train_dataset": "GSE40279"
    },
    {
      "alpha": 0.1,
      "calibration_n": 146,
      "empirical_coverage": 0.7484756097560976,
      "mean_interval_width_years": 11.075880620446753,
      "median_interval_width_years": 11.075880620446753,
      "model": "elastic_net_cv",
      "nominal_coverage": 0.9,
      "point_mae": 4.008003070724816,
      "point_median_absolute_error": 3.3087211685664784,
      "point_n": 656,
      "point_pearson_r": 0.9436116898774859,
      "point_rmse": 5.39678517727481,
      "proper_training_n": 583,
      "qhat_absolute_error_years": 5.537940310223377,
      "role": "primary_recommended_model",
      "test_dataset": "GSE40279",
      "test_n": 656,
      "train_dataset": "GSE87571"
    },
    {
      "alpha": 0.1,
      "calibration_n": 146,
      "empirical_coverage": 0.7759146341463414,
      "mean_interval_width_years": 17.55579316729643,
      "median_interval_width_years": 17.55579316729643,
      "model": "ensemble_average",
      "nominal_coverage": 0.9,
      "point_mae": 5.838209320357288,
      "point_median_absolute_error": 4.683256914600026,
      "point_n": 656,
      "point_pearson_r": 0.8967969858571799,
      "point_rmse": 7.474697169260376,
      "proper_training_n": 583,
      "qhat_absolute_error_years": 8.777896583648214,
      "role": "secondary_comparison",
      "test_dataset": "GSE40279",
      "test_n": 656,
      "train_dataset": "GSE87571"
    }
  ],
  "provenance": "make_clock.py:445-L525"
}
